rank,name,population,club_n,nn1_club_m_median,other_clubs_within_500m_med,other_clubs_within_1km_med,other_clubs_within_2km_med,other_clubs_within_5km_med,pct_clubs_with_neighbour_2km,club_pairs_under_2km,clubs_per_hull_km2
1,Greater London,9787426,967,543,0,2,8,54,99.4,4916,0.58
2,Greater Manchester,2553379,214,885,0.0,1.0,3.0,15.0,91.6,340,0.2
3,West Midlands,2440986,236,829,0.0,1.0,2.0,10.0,81.4,243,0.1
4,West Yorkshire,1777934,279,880,0,1,2,13,89.6,410,0.15
5,Greater Glasgow,957620,30,580,0.0,1.0,6.0,16.0,93.3,88,0.44
6,Liverpool,864122,30,647,0.0,2.5,5.0,21.0,80.0,69,0.45
7,South Hampshire,855569,103,693,0,1,4,15,96.1,206,0.24
8,Tyneside,774891,68,752,0.0,1.0,2.0,12.0,85.3,123,0.2
9,Nottingham,729977,32,631,0.0,1.0,5.0,20.0,93.8,78,0.64
10,Sheffield,685368,65,753,0,1,5,29,95.4,186,0.31
11,Bristol,617280,37,601,0,1,7,25,97.3,114,0.54
12,Belfast,595879,54,619,0.0,1.0,3.5,17.0,94.4,105,0.27
13,Leicester,508916,106,840,0.0,1.0,2.0,14.0,83.0,150,0.17
14,Edinburgh,482270,65,559,0,1,4,26,90.8,195,0.36
15,Brighton and Hove,474485,25,583,0,1,8,18,96.0,78,0.64
16,Bournemouth/Poole,466266,49,884,0,1,4,16,89.8,89,0.34
17,Cardiff,447287,30,846,0.0,1.0,4.0,18.5,90.0,62,0.38
18,Teesside,376633,34,1689,0.0,0.0,1.0,5.0,61.8,18,0.08
19,Stoke-on-Trent,372775,17,1246,0,0,2,9,94.1,19,0.44
20,Coventry,359262,14,1406,0.0,0.0,2.5,10.0,85.7,17,0.42
21,Sunderland,335415,21,975,0,1,3,12,95.2,33,0.35
22,Birkenhead,325264,14,524,0.0,2.0,3.0,9.0,100.0,23,1.0
23,Reading,318014,30,602,0.0,1.5,7.0,26.0,96.7,104,1.01
24,Kingston upon Hull,314018,7,1333,0,0,1,3,85.7,3,0.27
25,Preston,313322,18,876,0.0,1.0,3.0,12.0,83.3,21,0.46
26,Newport,306844,20,889,0.0,0.5,3.0,14.0,90.0,29,0.41
27,Swansea,300352,28,1079,0.0,0.0,1.5,5.0,78.6,28,0.1
28,Southend-on-Sea,295310,18,890,0.0,1.0,3.5,13.0,100.0,33,0.85
29,Derby,270468,20,841,0.0,1.0,2.5,14.0,85.0,28,0.51
30,Plymouth,260203,18,848,0.0,1.0,2.0,12.0,77.8,27,0.39
31,Luton,258018,12,897,0.0,0.5,2.0,8.0,83.3,15,0.46
32,Farnborough/Aldershot,252397,9,846,0,1,4,5,100.0,14,1.05
33,Medway Towns,243931,26,963,0.0,0.5,2.5,16.0,80.8,41,0.23
34,Blackpool,239409,7,902,0,1,1,4,71.4,3,0.5
35,Milton Keynes,229941,29,1293,0,0,2,12,86.2,29,0.32
36,Barnsley/Dearne Valley,223281,32,806,0.0,1.0,2.0,12.0,90.6,49,0.25
37,Northampton,215963,16,1567,0.0,0.0,1.5,10.0,75.0,13,0.39
38,Norwich,213166,18,662,0.0,2.0,5.0,15.5,88.9,36,0.66
39,Aberdeen,208190,28,854,0.0,1.0,4.5,19.0,96.4,57,0.4
40,Swindon,185609,40,1114,0.0,0.0,3.0,13.0,90.0,49,0.27
41,Crawley,180508,10,1159,0.0,0.5,2.0,7.0,90.0,9,0.56
42,Ipswich,178835,10,1282,0.0,0.0,2.0,8.0,90.0,10,0.64
43,Wigan,175405,15,962,0,1,1,4,86.7,9,0.15
44,Mansfield,171958,11,766,0,1,2,10,100.0,15,0.73
45,Oxford,171380,50,315,1.0,5.0,16.5,45.0,100.0,375,1.79
46,Warrington,165456,20,1345,0.0,0.0,1.5,6.0,75.0,18,0.2
47,Slough,163777,14,1259,0.0,0.0,2.0,10.5,92.9,17,0.59
48,Peterborough,163379,58,1327,0.0,0.0,1.0,7.0,67.2,38,0.1
49,Cambridge,158434,46,294,1.0,5.0,19.5,44.0,100.0,402,1.87
50,Doncaster,158141,23,1643,0,0,1,3,65.2,10,0.08
51,Dundee,157550,14,995,0.0,0.5,2.0,7.0,92.9,17,0.5
52,York,153717,48,701,0.0,1.0,6.0,25.0,91.7,128,0.28
53,Gloucester,150053,15,547,0,1,3,11,100.0,22,0.74
54,Burnley,149422,7,1828,0,0,1,5,71.4,3,0.48
55,Telford,147980,4,2224,0.0,0.0,0.5,2.0,50.0,1,0.99
56,Blackburn,146521,5,764,0,1,3,4,100.0,7,3.03
57,Basildon,144859,18,1244,0.0,0.0,2.0,9.0,66.7,20,0.26
58,Grimsby,134160,11,750,0,1,4,10,90.9,23,1.06
59,Hastings,133422,9,902,0,1,4,8,100.0,12,0.9
60,High Wycombe,133204,9,579,0,1,4,8,100.0,14,1.13
61,Thanet,125370,29,1018,0,0,3,15,86.2,68,0.45
62,Accrington/Rossendale,125059,23,1365,0,0,1,5,69.6,11,0.1
63,Motherwell,124540,8,2233,0.0,0.0,0.0,3.0,37.5,2,0.08
64,Burton-upon-Trent,122199,10,566,0.5,2.0,3.5,9.0,100.0,17,1.42
65,Colchester,121859,74,788,0.0,1.0,3.0,13.5,93.2,115,0.23
66,Eastbourne,118219,14,195,1.0,3.0,9.5,13.0,92.9,53,1.75
67,Exeter,117763,22,664,0.0,2.0,4.0,17.5,100.0,43,0.79
68,Cheltenham,116447,29,508,0,2,8,26,100.0,111,1.11
69,Torquay/Paignton,115410,26,840,0.0,1.0,3.0,14.0,100.0,49,0.41
70,Lincoln,114879,4,1379,0.0,0.5,1.0,2.5,100.0,2,0.96
71,Chesterfield,113057,7,802,0,1,2,6,85.7,7,0.92
72,Chelmsford,111511,75,544,0,2,5,20,92.0,205,0.28
73,Basingstoke,107642,174,517,0.0,2.0,4.0,21.0,95.4,420,0.31
74,Maidstone,107627,98,713,0.0,1.0,5.0,21.5,93.9,255,0.3
75,Bedford,106940,51,918,0,1,2,9,66.7,69,0.14
76,Worcester,101659,7,973,0,1,2,6,100.0,9,0.86
