rank,name,population,search_parts,osm_refs,centroid_lat,centroid_lon,bbox_south,bbox_west,bbox_north,bbox_east,notes
1,Greater London,9787426,"[""Greater London""]","[{""osm_type"": ""relation"", ""osm_id"": 175342, ""source"": ""manual_override"", ""search_name"": ""Greater London""}]",51.497014,-0.148267,51.277614,-0.516494,51.709356,0.307071,
2,Greater Manchester,2553379,"[""Greater Manchester""]","[{""osm_type"": ""relation"", ""osm_id"": 88084, ""source"": ""manual_override"", ""search_name"": ""Greater Manchester""}]",53.463932,-2.265630,53.322872,-2.736929,53.662673,-1.969344,
3,West Midlands,2440986,"[""West Midlands""]","[{""osm_type"": ""relation"", ""osm_id"": 57516, ""source"": ""manual_override"", ""search_name"": ""West Midlands""}]",52.274315,-1.575428,51.948972,-1.951828,52.685190,-1.197107,
4,West Yorkshire,1777934,"[""West Yorkshire""]","[{""osm_type"": ""relation"", ""osm_id"": 88079, ""source"": ""manual_override"", ""search_name"": ""West Yorkshire""}]",53.779539,-1.633067,53.544223,-2.128398,53.974388,-1.231863,
5,Greater Glasgow,957620,"[""Greater Glasgow""]","[{""osm_type"": ""relation"", ""osm_id"": 1906767, ""source"": ""manual_override"", ""search_name"": ""Greater Glasgow""}]",55.869212,-4.305717,55.793901,-4.395645,55.931347,-4.121594,
6,Liverpool,864122,"[""Liverpool""]","[{""osm_type"": ""relation"", ""osm_id"": 172987, ""source"": ""nominatim"", ""search_name"": ""Liverpool"", ""display_name"": ""Liverpool, Liverpool City Region, England, United Kingdom""}]",53.3933411,-2.9166389,53.3115427,-3.0191726,53.4749885,-2.8180003,
7,South Hampshire,855569,"[""Southampton"", ""Portsmouth"", ""Fareham"", ""Gosport"", ""Eastleigh"", ""Havant""]","[{""osm_type"": ""relation"", ""osm_id"": 127864, ""source"": ""nominatim"", ""search_name"": ""Southampton"", ""display_name"": ""Southampton, England, United Kingdom""}, {""osm_type"": ""relation"", ""osm_id"": 127167, ""source"": ""nominatim"", ""search_name"": ""Portsmouth"", ""display_name"": ""Portsmouth, England, United Kingdom""}, {""osm_type"": ""relation"", ""osm_id"": 127232, ""source"": ""nominatim"", ""search_name"": ""Fareham"", ""display_name"": ""Fareham, Hampshire, England, United Kingdom""}, {""osm_type"": ""relation"", ""osm_id"": 127211, ""source"": ""nominatim"", ""search_name"": ""Gosport"", ""display_name"": ""Gosport, Hampshire, England, United Kingdom""}, {""osm_type"": ""relation"", ""osm_id"": 12713273, ""source"": ""nominatim"", ""search_name"": ""Eastleigh"", ""display_name"": ""Eastleigh, Hampshire, England, United Kingdom""}, {""osm_type"": ""relation"", ""osm_id"": 127165, ""source"": ""nominatim"", ""search_name"": ""Havant"", ""display_name"": ""Havant, Hampshire, England, United Kingdom""}]",50.86024386666667,-1.1934179333333332,50.7498477,-1.479005,50.9756598,-0.9264657,
8,Tyneside,774891,"[""Newcastle upon Tyne"", ""Gateshead"", ""North Tyneside"", ""South Tyneside""]","[{""osm_type"": ""relation"", ""osm_id"": 142282, ""source"": ""nominatim"", ""search_name"": ""Newcastle upon Tyne"", ""display_name"": ""Newcastle upon Tyne, North East, England, United Kingdom""}, {""osm_type"": ""relation"", ""osm_id"": 140462, ""source"": ""nominatim"", ""search_name"": ""Gateshead"", ""display_name"": ""Gateshead, North East, England, United Kingdom""}, {""osm_type"": ""relation"", ""osm_id"": 142245, ""source"": ""nominatim"", ""search_name"": ""North Tyneside"", ""display_name"": ""North Tyneside, North East, England, United Kingdom""}, {""osm_type"": ""relation"", ""osm_id"": 140390, ""source"": ""nominatim"", ""search_name"": ""South Tyneside"", ""display_name"": ""South Tyneside, North East, England, United Kingdom""}]",54.97615425,-1.563826175,54.8777619,-1.8527169,55.0793823,-1.3516375,
9,Nottingham,729977,"[""Nottingham""]","[{""osm_type"": ""relation"", ""osm_id"": 123292, ""source"": ""nominatim"", ""search_name"": ""Nottingham"", ""display_name"": ""City of Nottingham, Nottinghamshire, East Midlands, England, United Kingdom""}]",52.9534193,-1.1496461,52.8890083,-1.246956,53.0186721,-1.0861189,
10,Sheffield,685368,"[""Sheffield""]","[{""osm_type"": ""relation"", ""osm_id"": 106956, ""source"": ""nominatim"", ""search_name"": ""Sheffield"", ""display_name"": ""Sheffield, South Yorkshire, England, United Kingdom""}]",53.3806626,-1.4702278,53.3045116,-1.8014715,53.5031042,-1.3246685,
11,Bristol,617280,"[""Bristol""]","[{""osm_type"": ""relation"", ""osm_id"": 5746665, ""source"": ""nominatim"", ""search_name"": ""Bristol"", ""display_name"": ""Bristol, City of Bristol, West of England, England, United Kingdom""}]",51.4538022,-2.5972985,51.3972838,-2.7183704,51.5444317,-2.5104192,
12,Belfast,595879,"[""Belfast""]","[{""osm_type"": ""bbox"", ""south"": 54.49, ""west"": -6.1, ""north"": 54.69, ""east"": -5.78, ""source"": ""manual_override"", ""search_name"": ""Belfast""}]",54.59,-5.9399999999999995,54.49,-6.1,54.69,-5.78,
13,Leicester,508916,"[""Leicester""]","[{""osm_type"": ""node"", ""osm_id"": 10021976, ""source"": ""nominatim"", ""search_name"": ""Leicester"", ""display_name"": ""Leicester, City of Leicester, England, LE1 4FB, United Kingdom""}]",52.6362,-1.1331969,52.4762,-1.2931969,52.7962,-0.9731969,
14,Edinburgh,482270,"[""Edinburgh""]","[{""osm_type"": ""relation"", ""osm_id"": 1920901, ""source"": ""nominatim"", ""search_name"": ""Edinburgh"", ""display_name"": ""City of Edinburgh, Alba / Scotland, United Kingdom""}]",55.9533456,-3.1883749,55.8187919,-3.4495326,56.0040837,-3.0749528,
15,Brighton and Hove,474485,"[""Brighton and Hove""]","[{""osm_type"": ""relation"", ""osm_id"": 114085, ""source"": ""nominatim"", ""search_name"": ""Brighton and Hove"", ""display_name"": ""Brighton and Hove, England, United Kingdom""}]",50.8454126,-0.1497239,50.7982097,-0.2450771,50.8923741,-0.0160307,
16,Bournemouth/Poole,466266,"[""Bournemouth"", ""Poole"", ""Christchurch""]","[{""osm_type"": ""relation"", ""osm_id"": 130884, ""source"": ""nominatim"", ""search_name"": ""Bournemouth"", ""display_name"": ""Bournemouth, Bournemouth, Christchurch and Poole, England, United Kingdom""}, {""osm_type"": ""relation"", ""osm_id"": 130891, ""source"": ""nominatim"", ""search_name"": ""Poole"", ""display_name"": ""Poole, Bournemouth, Christchurch and Poole, England, United Kingdom""}, {""osm_type"": ""relation"", ""osm_id"": 130878, ""source"": ""nominatim"", ""search_name"": ""Christchurch"", ""display_name"": ""Christchurch, Hurn, Bournemouth, Christchurch and Poole, England, United Kingdom""}]",50.73439696666666,-1.8919783666666667,50.6814717,-2.0426888,50.8096156,-1.6816655,
17,Cardiff,447287,"[""Cardiff""]","[{""osm_type"": ""relation"", ""osm_id"": 1625787, ""source"": ""nominatim"", ""search_name"": ""Cardiff"", ""display_name"": ""Cardiff, Cymru / Wales, CF, United Kingdom""}]",51.5016662,-3.1929974,51.3745559,-3.3437661,51.560504,-3.0688774,
18,Teesside,376633,"[""Middlesbrough"", ""Stockton-on-Tees"", ""Redcar and Cleveland"", ""Hartlepool""]","[{""osm_type"": ""relation"", ""osm_id"": 150988, ""source"": ""nominatim"", ""search_name"": ""Middlesbrough"", ""display_name"": ""Middlesbrough, Tees Valley, England, United Kingdom""}, {""osm_type"": ""relation"", ""osm_id"": 150994, ""source"": ""nominatim"", ""search_name"": ""Stockton-on-Tees"", ""display_name"": ""Stockton-on-Tees, Tees Valley, England, United Kingdom""}, {""osm_type"": ""relation"", ""osm_id"": 150989, ""source"": ""nominatim"", ""search_name"": ""Redcar and Cleveland"", ""display_name"": ""Redcar and Cleveland, Tees Valley, England, United Kingdom""}, {""osm_type"": ""relation"", ""osm_id"": 153375, ""source"": ""nominatim"", ""search_name"": ""Hartlepool"", ""display_name"": ""Hartlepool, Tees Valley, England, United Kingdom""}]",54.585770600000004,-1.2154119749999999,54.4641394,-1.4526298,54.7271785,-0.7884144,
19,Stoke-on-Trent,372775,"[""Stoke-on-Trent""]","[{""osm_type"": ""relation"", ""osm_id"": 163183, ""source"": ""nominatim"", ""search_name"": ""Stoke-on-Trent"", ""display_name"": ""Stoke-on-Trent, England, United Kingdom""}]",53.0162014,-2.1812607,52.9461901,-2.2387603,53.0927015,-2.0792446,
20,Coventry,359262,"[""Coventry""]","[{""osm_type"": ""relation"", ""osm_id"": 162370, ""source"": ""nominatim"", ""search_name"": ""Coventry"", ""display_name"": ""Coventry, West Midlands, England, United Kingdom""}]",52.4143505,-1.5188361,52.3639374,-1.6144589,52.4647822,-1.4239574,
21,Sunderland,335415,"[""Sunderland""]","[{""osm_type"": ""relation"", ""osm_id"": 116279, ""source"": ""nominatim"", ""search_name"": ""Sunderland"", ""display_name"": ""Sunderland, North East, England, United Kingdom""}]",54.8715614,-1.4299164,54.7990424,-1.5688793,54.9441703,-1.345665,
22,Birkenhead,325264,"[""Birkenhead""]","[{""osm_type"": ""node"", ""osm_id"": 26703037, ""source"": ""nominatim"", ""search_name"": ""Birkenhead"", ""display_name"": ""Birkenhead, Wirral, Liverpool City Region, England, CH41 2XU, United Kingdom""}]",53.3895177,-3.0248007,53.3495177,-3.0648007,53.4295177,-2.9848007,
23,Reading,318014,"[""Reading""]","[{""osm_type"": ""relation"", ""osm_id"": 115074, ""source"": ""nominatim"", ""search_name"": ""Reading"", ""display_name"": ""Reading, England, United Kingdom""}]",51.4564242,-0.9700664,51.4097528,-1.0529948,51.493134,-0.9284943,
24,Kingston upon Hull,314018,"[""Kingston upon Hull""]","[{""osm_type"": ""relation"", ""osm_id"": 60148, ""source"": ""nominatim"", ""search_name"": ""Kingston upon Hull"", ""display_name"": ""Kingston upon Hull, Hull and East Yorkshire, England, United Kingdom""}]",53.7623863,-0.3301214,53.7115628,-0.4225751,53.8132477,-0.2413964,
25,Preston,313322,"[""Preston""]","[{""osm_type"": ""relation"", ""osm_id"": 148606, ""source"": ""nominatim"", ""search_name"": ""Preston"", ""display_name"": ""Preston, Lancashire, England, United Kingdom""}]",53.7593363,-2.6992717,53.7480139,-2.825998,53.896153,-2.5954368,
26,Newport,306844,"[""Newport""]","[{""osm_type"": ""relation"", ""osm_id"": 335184, ""source"": ""nominatim"", ""search_name"": ""Newport"", ""display_name"": ""Newport, Cymru / Wales, United Kingdom""}]",51.5718862,-2.9752462,51.4943403,-3.1241845,51.6494687,-2.8030054,
27,Swansea,300352,"[""Swansea""]","[{""osm_type"": ""relation"", ""osm_id"": 87944, ""source"": ""nominatim"", ""search_name"": ""Swansea"", ""display_name"": ""Swansea, Cymru / Wales, United Kingdom""}]",51.6545873,-4.0027929,51.534992,-4.3339699,51.774188,-3.8427276,
28,Southend-on-Sea,295310,"[""Southend-on-Sea""]","[{""osm_type"": ""relation"", ""osm_id"": 76489, ""source"": ""nominatim"", ""search_name"": ""Southend-on-Sea"", ""display_name"": ""Southend-on-Sea, England, United Kingdom""}]",51.5388241,0.7128137,51.5044707,0.6229179,51.5767962,0.8489542,
29,Derby,270468,"[""Derby""]","[{""osm_type"": ""relation"", ""osm_id"": 142308, ""source"": ""nominatim"", ""search_name"": ""Derby"", ""display_name"": ""Derby, East Midlands, England, United Kingdom""}]",52.9142235,-1.4719885,52.8610342,-1.556857,52.9681324,-1.3830729,
30,Plymouth,260203,"[""Plymouth""]","[{""osm_type"": ""relation"", ""osm_id"": 189924, ""source"": ""nominatim"", ""search_name"": ""Plymouth"", ""display_name"": ""Plymouth, England, United Kingdom""}]",50.3714122,-4.1424451,50.3327426,-4.2055324,50.4441737,-4.0196056,
31,Luton,258018,"[""Luton""]","[{""osm_type"": ""relation"", ""osm_id"": 158392, ""source"": ""nominatim"", ""search_name"": ""Luton"", ""display_name"": ""Luton, England, United Kingdom""}]",51.891073,-0.4230304,51.8544733,-0.5059486,51.9277389,-0.3499231,
32,Farnborough/Aldershot,252397,"[""Rushmoor""]","[{""osm_type"": ""relation"", ""osm_id"": 127187, ""source"": ""manual_override"", ""search_name"": ""Rushmoor""}]",51.270695,-0.755224,51.218835,-0.788765,51.325497,-0.722686,
33,Medway Towns,243931,"[""Medway Towns""]","[{""osm_type"": ""relation"", ""osm_id"": 158019, ""source"": ""manual_override"", ""search_name"": ""Medway Towns""}]",51.389436,0.528858,51.323450,0.430664,51.484707,0.632775,
34,Blackpool,239409,"[""Blackpool""]","[{""osm_type"": ""relation"", ""osm_id"": 148603, ""source"": ""nominatim"", ""search_name"": ""Blackpool"", ""display_name"": ""Blackpool, Lancashire, England, United Kingdom""}]",53.8244936,-3.0370343,53.773102,-3.0763729,53.8758712,-2.9833609,
35,Milton Keynes,229941,"[""Milton Keynes""]","[{""osm_type"": ""relation"", ""osm_id"": 14186936, ""source"": ""nominatim"", ""search_name"": ""Milton Keynes"", ""display_name"": ""Milton Keynes, City of Milton Keynes, England, United Kingdom""}]",52.0406502,-0.7594092,51.969853,-0.8630339,52.1025671,-0.6402224,
36,Barnsley/Dearne Valley,223281,"[""Barnsley""]","[{""osm_type"": ""relation"", ""osm_id"": 106964, ""source"": ""nominatim"", ""search_name"": ""Barnsley"", ""display_name"": ""Barnsley, South Yorkshire, England, United Kingdom""}]",53.5527719,-1.4827755,53.4382974,-1.8225901,53.6126725,-1.2757101,
37,Northampton,215963,"[""Northampton""]","[{""osm_type"": ""relation"", ""osm_id"": 394021, ""source"": ""nominatim"", ""search_name"": ""Northampton"", ""display_name"": ""Northampton, West Northamptonshire, England, United Kingdom""}]",52.2343297,-0.9028043,52.1860899,-0.9710267,52.2826966,-0.7913699,
38,Norwich,213166,"[""Norwich""]","[{""osm_type"": ""relation"", ""osm_id"": 172506, ""source"": ""nominatim"", ""search_name"": ""Norwich"", ""display_name"": ""Norwich, Norfolk, England, United Kingdom""}]",52.6285576,1.2923954,52.555435,1.2038691,52.6849096,1.5407848,
39,Aberdeen,208190,"[""Aberdeen""]","[{""osm_type"": ""relation"", ""osm_id"": 1900654, ""source"": ""nominatim"", ""search_name"": ""Aberdeen"", ""display_name"": ""Aberdeen City, Alba / Scotland, United Kingdom""}]",57.1482429,-2.0928095,57.0761867,-2.3609399,57.2353072,-2.0161507,
40,Swindon,185609,"[""Swindon""]","[{""osm_type"": ""relation"", ""osm_id"": 110212, ""source"": ""nominatim"", ""search_name"": ""Swindon"", ""display_name"": ""Swindon, England, United Kingdom""}]",51.5875822,-1.7618316,51.4824551,-1.8651375,51.6927094,-1.6028327,
41,Crawley,180508,"[""Crawley""]","[{""osm_type"": ""relation"", ""osm_id"": 114858, ""source"": ""nominatim"", ""search_name"": ""Crawley"", ""display_name"": ""Crawley, West Sussex, England, United Kingdom""}]",51.1103444,-0.1801094,51.0848063,-0.2556345,51.167301,-0.1329796,
42,Ipswich,178835,"[""Ipswich""]","[{""osm_type"": ""relation"", ""osm_id"": 53324, ""source"": ""nominatim"", ""search_name"": ""Ipswich"", ""display_name"": ""Ipswich, Suffolk, England, United Kingdom""}]",52.0572679,1.1632723,52.0201601,1.1072451,52.0944549,1.2236518,
43,Wigan,175405,"[""Wigan""]","[{""osm_type"": ""relation"", ""osm_id"": 146938, ""source"": ""nominatim"", ""search_name"": ""Wigan"", ""display_name"": ""Wigan, Greater Manchester, England, United Kingdom""}]",53.527141,-2.6274549,53.4460001,-2.7305207,53.6083107,-2.4145817,
44,Mansfield,171958,"[""Mansfield""]","[{""osm_type"": ""relation"", ""osm_id"": 154006, ""source"": ""nominatim"", ""search_name"": ""Mansfield"", ""display_name"": ""Mansfield, Nottinghamshire, East Midlands, England, United Kingdom""}]",53.1752129,-1.1991443,53.1147917,-1.2600703,53.2356135,-1.0947652,
45,Oxford,171380,"[""Oxford""]","[{""osm_type"": ""relation"", ""osm_id"": 394037, ""source"": ""nominatim"", ""search_name"": ""Oxford"", ""display_name"": ""Oxford, Oxfordshire, England, United Kingdom""}]",51.7520131,-1.2578499,51.7109788,-1.3042472,51.7962658,-1.1758134,
46,Warrington,165456,"[""Warrington""]","[{""osm_type"": ""relation"", ""osm_id"": 147278, ""source"": ""nominatim"", ""search_name"": ""Warrington"", ""display_name"": ""Warrington, England, United Kingdom""}]",53.4018582,-2.5680224,53.3223149,-2.6977248,53.4809294,-2.4253816,
47,Slough,163777,"[""Slough""]","[{""osm_type"": ""relation"", ""osm_id"": 117097, ""source"": ""nominatim"", ""search_name"": ""Slough"", ""display_name"": ""Slough, England, United Kingdom""}]",51.5111014,-0.5940682,51.4679842,-0.6601645,51.5388926,-0.4900443,
48,Peterborough,163379,"[""Peterborough""]","[{""osm_type"": ""node"", ""osm_id"": 17951258, ""source"": ""nominatim"", ""search_name"": ""Peterborough"", ""display_name"": ""Peterborough, Cambridgeshire, Cambridgeshire and Peterborough, England, PE1 1XH, United Kingdom""}]",52.5725769,-0.2427336,52.4125769,-0.4027336,52.7325769,-0.0827336,
49,Cambridge,158434,"[""Cambridge""]","[{""osm_type"": ""relation"", ""osm_id"": 295355, ""source"": ""nominatim"", ""search_name"": ""Cambridge"", ""display_name"": ""Cambridge, Cambridgeshire, Cambridgeshire and Peterborough, England, United Kingdom""}]",52.1975846,0.1391537,52.1579417,0.0686389,52.2372296,0.184552,
50,Doncaster,158141,"[""Doncaster""]","[{""osm_type"": ""relation"", ""osm_id"": 106961, ""source"": ""nominatim"", ""search_name"": ""Doncaster"", ""display_name"": ""Doncaster, South Yorkshire, England, United Kingdom""}]",53.5227681,-1.1335312,53.4057426,-1.3487326,53.6612035,-0.8653331,
51,Dundee,157550,"[""Dundee""]","[{""osm_type"": ""relation"", ""osm_id"": 1921173, ""source"": ""nominatim"", ""search_name"": ""Dundee"", ""display_name"": ""Dundee City, Alba / Scotland, United Kingdom""}]",56.473846,-2.966419,56.443579,-3.0980246,56.5040239,-2.8322022,
52,York,153717,"[""York""]","[{""osm_type"": ""relation"", ""osm_id"": 134353, ""source"": ""nominatim"", ""search_name"": ""York"", ""display_name"": ""York, York and North Yorkshire, England, United Kingdom""}]",53.9656579,-1.0743052,53.8745672,-1.223712,54.0568664,-0.9196707,
53,Gloucester,150053,"[""Gloucester""]","[{""osm_type"": ""relation"", ""osm_id"": 181362, ""source"": ""nominatim"", ""search_name"": ""Gloucester"", ""display_name"": ""Gloucester, Gloucestershire, England, United Kingdom""}]",51.8464268,-2.2330472,51.8075743,-2.3013858,51.8852166,-2.1772639,
54,Burnley,149422,"[""Burnley""]","[{""osm_type"": ""relation"", ""osm_id"": 149101, ""source"": ""nominatim"", ""search_name"": ""Burnley"", ""display_name"": ""Burnley, Lancashire, England, United Kingdom""}]",53.7907262,-2.2439196,53.722997,-2.3423051,53.8252624,-2.1122772,
55,Telford,147980,"[""Telford""]","[{""osm_type"": ""node"", ""osm_id"": 26701389, ""source"": ""nominatim"", ""search_name"": ""Telford"", ""display_name"": ""Telford, Telford and Wrekin, England, TF3 4HB, United Kingdom""}]",52.6780532,-2.4514219,52.6380532,-2.4914219,52.7180532,-2.4114219,
56,Blackburn,146521,"[""Blackburn""]","[{""osm_type"": ""node"", ""osm_id"": 21664801, ""source"": ""nominatim"", ""search_name"": ""Blackburn"", ""display_name"": ""Blackburn, Blackburn with Darwen, Lancashire, England, BB1 7DP, United Kingdom""}]",53.749326,-2.4840566,53.709326,-2.5240566,53.789326,-2.4440566,
57,Basildon,144859,"[""Basildon""]","[{""osm_type"": ""relation"", ""osm_id"": 76516, ""source"": ""nominatim"", ""search_name"": ""Basildon"", ""display_name"": ""Basildon, Essex, England, United Kingdom""}]",51.5906122,0.473755,51.5298243,0.3750985,51.6512393,0.5687684,
58,Grimsby,134160,"[""Grimsby""]","[{""osm_type"": ""node"", ""osm_id"": 21639941, ""source"": ""nominatim"", ""search_name"": ""Grimsby"", ""display_name"": ""Grimsby, North East Lincolnshire, Greater Lincolnshire, England, DN31 1QG, United Kingdom""}]",53.5671407,-0.0788045,53.5271407,-0.1188045,53.6071407,-0.0388045,
59,Hastings,133422,"[""Hastings""]","[{""osm_type"": ""relation"", ""osm_id"": 131199, ""source"": ""nominatim"", ""search_name"": ""Hastings"", ""display_name"": ""Hastings, East Sussex, England, United Kingdom""}]",50.8550976,0.5821779,50.8410788,0.5006111,50.8948284,0.6589558,
60,High Wycombe,133204,"[""High Wycombe""]","[{""osm_type"": ""relation"", ""osm_id"": 9279372, ""source"": ""nominatim"", ""search_name"": ""High Wycombe"", ""display_name"": ""High Wycombe, Buckinghamshire, England, United Kingdom""}]",51.6317449,-0.75596,51.6100049,-0.7998803,51.6495312,-0.7286425,
61,Thanet,125370,"[""Thanet""]","[{""osm_type"": ""relation"", ""osm_id"": 1605596, ""source"": ""manual_override"", ""search_name"": ""Thanet""}]",51.361970,1.387180,51.309609,1.232112,51.411503,1.466822,
62,Accrington/Rossendale,125059,"[""Accrington"", ""Rossendale""]","[{""osm_type"": ""node"", ""osm_id"": 26703043, ""source"": ""nominatim"", ""search_name"": ""Accrington"", ""display_name"": ""Accrington, Hyndburn, Lancashire, England, BB5 1ES, United Kingdom""}, {""osm_type"": ""relation"", ""osm_id"": 149077, ""source"": ""nominatim"", ""search_name"": ""Rossendale"", ""display_name"": ""Rossendale, Lancashire, England, United Kingdom""}]",53.719498099999996,-2.3134916,53.6145142,-2.4110082,53.7941156,-2.1451461,
63,Motherwell,124540,"[""Motherwell""]","[{""osm_type"": ""relation"", ""osm_id"": 1920584, ""note"": ""North Lanarkshire UA (BUA proxy)"", ""source"": ""manual_override"", ""search_name"": ""Motherwell""}]",55.930362,-4.028546,55.836272,-4.166172,56.008454,-3.943836,
64,Burton-upon-Trent,122199,"[""Burton-upon-Trent""]","[{""osm_type"": ""node"", ""osm_id"": 26700975, ""source"": ""nominatim"", ""search_name"": ""Burton-upon-Trent"", ""display_name"": ""Burton upon Trent, East Staffordshire, Staffordshire, England, DE14 1JG, United Kingdom""}]",52.802742,-1.629917,52.762742,-1.669917,52.842742,-1.589917,
65,Colchester,121859,"[""Colchester""]","[{""osm_type"": ""relation"", ""osm_id"": 76493, ""source"": ""nominatim"", ""search_name"": ""Colchester"", ""display_name"": ""Colchester, Essex, England, United Kingdom""}]",51.8714174,0.8580204,51.7657055,0.6993788,51.9771532,1.0268034,
66,Eastbourne,118219,"[""Eastbourne""]","[{""osm_type"": ""relation"", ""osm_id"": 131194, ""source"": ""nominatim"", ""search_name"": ""Eastbourne"", ""display_name"": ""Eastbourne, East Sussex, England, United Kingdom""}]",50.7664372,0.2781546,50.7334349,0.2093529,50.8130781,0.3399818,
67,Exeter,117763,"[""Exeter""]","[{""osm_type"": ""relation"", ""osm_id"": 2154556, ""source"": ""nominatim"", ""search_name"": ""Exeter"", ""display_name"": ""Exeter, Devon, Devon and Torbay, England, United Kingdom""}]",50.7249349,-3.5285631,50.6731771,-3.5702031,50.761465,-3.451159,
68,Cheltenham,116447,"[""Cheltenham""]","[{""osm_type"": ""relation"", ""osm_id"": 184094, ""source"": ""nominatim"", ""search_name"": ""Cheltenham"", ""display_name"": ""Cheltenham, Gloucestershire, England, United Kingdom""}]",51.8985642,-2.0751676,51.8583342,-2.1430399,51.9388732,-2.0102235,
69,Torquay/Paignton,115410,"[""Torbay""]","[{""osm_type"": ""relation"", ""osm_id"": 161649, ""source"": ""nominatim"", ""search_name"": ""Torbay"", ""display_name"": ""Torbay, Devon and Torbay, England, United Kingdom""}]",50.446247,-3.5394998,50.3734587,-3.6283937,50.5185152,-3.4567152,
70,Lincoln,114879,"[""Lincoln""]","[{""osm_type"": ""relation"", ""osm_id"": 69144, ""source"": ""nominatim"", ""search_name"": ""Lincoln"", ""display_name"": ""Lincoln, Lincolnshire, Greater Lincolnshire, England, United Kingdom""}]",53.2204737,-0.5600564,53.1863011,-0.6226181,53.2545498,-0.493915,
71,Chesterfield,113057,"[""Chesterfield""]","[{""osm_type"": ""relation"", ""osm_id"": 138738, ""source"": ""nominatim"", ""search_name"": ""Chesterfield"", ""display_name"": ""Chesterfield, Derbyshire, East Midlands, England, United Kingdom""}]",53.2352134,-1.4264097,53.2124229,-1.4842881,53.2990253,-1.3013021,
72,Chelmsford,111511,"[""Chelmsford""]","[{""osm_type"": ""relation"", ""osm_id"": 52189, ""source"": ""nominatim"", ""search_name"": ""Chelmsford"", ""display_name"": ""Chelmsford, Essex, England, United Kingdom""}]",51.7371133,0.4697498,51.6166234,0.3321643,51.8574836,0.6489798,
73,Basingstoke,107642,"[""Basingstoke""]","[{""osm_type"": ""relation"", ""osm_id"": 127249, ""note"": ""Basingstoke and Deane borough"", ""source"": ""manual_override"", ""search_name"": ""Basingstoke""}]",51.285655,-1.217938,51.130964,-1.440883,51.392077,-0.966527,
74,Maidstone,107627,"[""Maidstone""]","[{""osm_type"": ""relation"", ""osm_id"": 2208739, ""source"": ""nominatim"", ""search_name"": ""Maidstone"", ""display_name"": ""Maidstone, Kent, England, United Kingdom""}]",51.2748258,0.5231646,51.133946,0.3781041,51.3387431,0.7964382,
75,Bedford,106940,"[""Bedford""]","[{""osm_type"": ""relation"", ""osm_id"": 158396, ""source"": ""nominatim"", ""search_name"": ""Bedford"", ""display_name"": ""Bedford, England, United Kingdom""}]",52.1887014,-0.4665892,52.0545324,-0.6687744,52.3229568,-0.2407453,
76,Worcester,101659,"[""Worcester""]","[{""osm_type"": ""relation"", ""osm_id"": 1875341, ""source"": ""nominatim"", ""search_name"": ""Worcester"", ""display_name"": ""Worcester, Worcestershire, England, United Kingdom""}]",52.1965281,-2.2095608,52.1616361,-2.2632087,52.231392,-2.1573039,
