city,total_courts,total_park_courts,densest_all,densest_all_lat,densest_all_lon,densest_park,densest_park_lat,densest_park_lon,central_bh_all,central_bh_park,central_bh_lat,central_bh_lon
Aberdeen,36,6,20,57.1366043,-2.1376321,6,57.1549868,-2.1255498,,,,
Accrington/Rossendale,39,10,11,53.6186558,-2.2969326,2,53.7756588,-2.2313332,,,,
Barnsley/Dearne Valley,55,8,25,53.5496215,-1.4961677,3,53.5842113,-1.5295024,,,,
Basildon,39,5,23,51.6232946,0.402848,2,51.5660876,0.5103076,,,,
Basingstoke,182,4,24,51.3475888,-1.3924791,1,51.3247697,-1.2400637,,,,
Bedford,84,13,36,52.1489578,-0.4558946,8,52.1463964,-0.4644972,,,,
Belfast,136,17,37,54.6031232,-5.8611213,8,54.569101,-5.9748312,,,,
Birkenhead,37,4,26,53.3709633,-3.0337788,3,53.3554788,-3.0215828,,,,
Blackburn,17,7,17,53.7580124,-2.4958925,7,53.7580124,-2.4958925,,,,
Blackpool,21,11,9,53.7875509,-3.0415424,8,53.81282,-3.0241982,,,,
Bournemouth/Poole,134,25,60,50.7390397,-1.8665947,14,50.7390397,-1.8665947,,,,
Brighton and Hove,101,49,74,50.8386742,-0.146017,37,50.8386742,-0.146017,70,37,50.82567472879176,-0.15648477911952927
Bristol,74,22,40,51.4823277,-2.6037146,10,51.4849608,-2.5919869,,,,
Burnley,10,8,6,53.7756588,-2.2313332,6,53.7756588,-2.2313332,,,,
Burton-upon-Trent,16,2,12,52.8088252,-1.6168428,2,52.8106325,-1.6568428,,,,
Cambridge,106,12,86,52.1977741,0.1132478,9,52.1977741,0.1132478,,,,
Cardiff,104,29,47,51.4980058,-3.1979345,20,51.5008919,-3.1719807,,,,
Chelmsford,127,29,33,51.7228726,0.4642648,20,51.7228726,0.4642648,,,,
Cheltenham,82,9,69,51.896581,-2.0847703,9,51.8943417,-2.0811513,,,,
Chesterfield,14,1,12,53.2500844,-1.4451431,1,53.2229743,-1.4063136,,,,
Colchester,95,5,20,51.8965902,0.8700042,4,51.874785,0.9501611,,,,
Coventry,24,3,16,52.3954493,-1.5371496,3,52.3939661,-1.5216036,,,,
Crawley,10,4,5,51.1104346,-0.1818056,3,51.1056935,-0.1497425,,,,
Derby,66,13,33,52.902332,-1.4913364,5,52.9353571,-1.4752914,,,,
Doncaster,29,8,9,53.5186922,-1.1198314,7,53.5186922,-1.1198314,,,,
Dundee,28,11,11,56.4753661,-2.8721141,5,56.4845752,-3.037051,,,,
Eastbourne,23,5,14,50.770381,0.2733089,3,50.770381,0.2733089,,,,
Edinburgh,173,47,54,55.959686,-3.1936941,25,55.9556878,-3.1799704,,,,
Exeter,42,12,26,50.7226476,-3.4979441,9,50.7226476,-3.4979441,,,,
Farnborough/Aldershot,24,3,16,51.2493116,-0.7532559,3,51.2493116,-0.7532559,,,,
Gloucester,34,5,19,51.8710132,-2.2526972,4,51.8481675,-2.2490679,,,,
Greater Glasgow,71,22,40,55.882609,-4.3071573,6,55.8674616,-4.2876316,,,,
Greater London,2909,882,173,51.4725945,-0.2649104,48,51.4530985,-0.1963355,,,,
Greater Manchester,581,182,50,53.3841539,-2.3435802,14,53.4358185,-2.2678999,,,,
Grimsby,26,8,24,53.5527726,-0.066867,8,53.5607339,-0.0405676,,,,
Hastings,17,9,13,50.8652443,0.5711356,9,50.8542623,0.5686061,,,,
High Wycombe,18,1,16,51.6203439,-0.7632349,1,51.6224885,-0.7368102,,,,
Ipswich,17,8,12,52.0644051,1.1868341,6,52.0645234,1.1537753,,,,
Kingston upon Hull,15,2,8,53.7631358,-0.3776518,2,53.7390303,-0.4042328,,,,
Leicester,192,14,40,52.6131563,-1.1018741,3,52.6177052,-1.1817754,,,,
Lincoln,13,0,7,53.1956031,-0.5735676,0,,,,,,
Liverpool,65,17,37,53.3816531,-2.9274187,16,53.3824213,-2.9411495,,,,
Luton,19,4,11,51.9071596,-0.4252833,3,51.9028541,-0.4040597,,,,
Maidstone,111,13,18,51.2184603,0.455293,6,51.2679834,0.5006001,,,,
Mansfield,42,12,28,53.1544449,-1.2013671,9,53.1409401,-1.1703014,,,,
Medway Towns,45,3,21,51.3681302,0.5215165,1,51.3489807,0.5822519,,,,
Milton Keynes,42,3,12,52.0403307,-0.7091716,1,51.9973468,-0.7427597,,,,
Motherwell,11,1,6,55.9678618,-4.0079366,1,55.8924502,-4.1460316,,,,
Newport,52,14,28,51.5921616,-3.0071558,8,51.5805998,-3.0007084,,,,
Northampton,44,6,21,52.2541083,-0.8504597,6,52.2339465,-0.8917836,,,,
Norwich,29,3,14,52.6190286,1.2587018,2,52.6449325,1.2872915,,,,
Nottingham,97,10,67,52.9487685,-1.1853655,7,52.9348831,-1.2048734,,,,
Oxford,214,20,141,51.7614814,-1.2632133,7,51.7365071,-1.2236532,,,,
Peterborough,89,12,12,52.5769949,-0.2772092,7,52.5840319,-0.2335158,,,,
Plymouth,27,10,15,50.3854616,-4.1499114,6,50.3925753,-4.1301218,,,,
Preston,34,3,18,53.7713686,-2.7327475,2,53.7713686,-2.7327475,,,,
Reading,45,5,19,51.4720693,-0.9634447,4,51.4456041,-0.9786094,,,,
Sheffield,116,25,42,53.3510689,-1.530004,10,53.3332125,-1.4743501,,,,
Slough,16,5,8,51.5036898,-0.5821122,3,51.5036898,-0.5821122,,,,
South Hampshire,167,28,22,50.8049223,-1.1743391,9,50.9199737,-1.4161947,,,,
Southend-on-Sea,41,9,22,51.5411569,0.7587146,5,51.54513,0.6769481,,,,
Stoke-on-Trent,21,12,9,53.0134113,-2.1752024,8,53.0025466,-2.1554223,,,,
Sunderland,35,9,13,54.8820551,-1.4071436,6,54.9135389,-1.5156324,,,,
Swansea,61,10,20,51.6164144,-3.9866821,3,51.6130033,-3.963246,,,,
Swindon,78,14,29,51.5657829,-1.8061868,14,51.5704204,-1.7833021,,,,
Teesside,70,13,16,54.5158869,-1.3613127,5,54.613555,-1.0524927,,,,
Telford,4,2,2,52.6626806,-2.4706753,1,52.695943,-2.4557647,,,,
Thanet,50,6,24,51.3454199,1.4132653,3,51.3298216,1.4134638,,,,
Torquay/Paignton,40,15,20,50.4635499,-3.5380396,8,50.3963342,-3.5429561,,,,
Tyneside,154,57,31,54.9955594,-1.6034991,15,54.984475,-1.4206548,,,,
Warrington,51,0,16,53.3563604,-2.5743354,0,,,,,,
West Midlands,309,31,58,52.2803451,-1.5673006,14,52.2870027,-1.5432901,,,,
West Yorkshire,505,94,31,53.8319905,-1.5357021,8,53.7934326,-1.5626374,,,,
Wigan,36,8,11,53.4854194,-2.520465,4,53.4861298,-2.5269293,,,,
Worcester,18,3,16,52.1897795,-2.2290696,3,52.1897795,-2.2290696,,,,
York,67,9,24,53.9477514,-1.0814894,7,53.9477514,-1.0814894,,,,
